"Study Identifier","Year","Intervention","Intervention types","Intervention subgroups","Country","Setting","Types of disease_clean","Type of disease in two categories (dementia and MCI)","Updated Dementia Severity","Is this a study focusing on carers of people living with dementia or mild cognitive impairment?","Primary Cognition Measure standardized z-score change","Type","Baseline Score - Primary Cognition","Number of Participants at Baseline","Baseline SD","Post Treatment Score","Post Treatment N","Post Treatment SD","Post Treatment Time (Weeks from Start)","Domain 1","Domain 2","Domain 3","Domain 4","Domain 5","Overall","Baseline Educational level (indicate how this was measured)","Baseline Female (percent)","Baseline For studies in carers only: Caregiver age in years (mean)","Baseline For studies in carers only: Caregiver female (percent)","Baseline For studies in carers only: Full-time working (percent)","Baseline MMSE score (mean)","Baseline Rural setting (percent)","Baseline Urban setting (percent)","Intervention Brief description of intervention","Intervention Intervention details...97","Intervention Intervention details (duration and intensity of the intervention, dosage of drugs, existence of a protocol or manual for psychosocial, training or education interventions)","Intervention Interv. type [SELECT: Pharmaceutical; Traditional Chinese Medicine; Other trad. medicines; Non-pharmacol.; Multicomponent (record each component); Interv. for carers; End of life care; Treatment/prevention of co-morbidities; Technology; Diagn","ADL T0 MS","ADL T0 SD","ADL T1 MS","ADL T1 SD","ADL T2 MS","ADL T2 SD","Caregiver burden at 12 weeks (Zarit caregiver burden scale) 12 weeks(post-test) mean","Caregiver burden at 12 weeks (Zarit caregiver burden scale) 12 weeks(post-test) N","Caregiver burden at 12 weeks (Zarit caregiver burden scale) 12 weeks(post-test) SD","Caregiver burden at 12 weeks (Zarit caregiver burden scale) Baseline mean","Caregiver burden at 12 weeks (Zarit caregiver burden scale) Baseline N","Caregiver burden at 12 weeks (Zarit caregiver burden scale) Baseline SD","Caregiver burden at 1 month post-treatment (Zarit Caregiver Burden Scale)  1 month post-treatment mean","Caregiver burden at 1 month post-treatment (Zarit Caregiver Burden Scale)  1 month post-treatment N","Caregiver burden at 1 month post-treatment (Zarit Caregiver Burden Scale)  1 month post-treatment SD","Caregiver burden at 1 month post-treatment (Zarit Caregiver Burden Scale)  Baseline mean","Caregiver burden at 1 month post-treatment (Zarit Caregiver Burden Scale)  Baseline N","Caregiver burden at 1 month post-treatment (Zarit Caregiver Burden Scale)  Baseline SD","Caregiver burden at 1 month post-treatment (Zarit Caregiver Burden Scale)  End of intervention mean","Caregiver burden at 1 month post-treatment (Zarit Caregiver Burden Scale)  End of intervention N","Caregiver burden at 1 month post-treatment (Zarit Caregiver Burden Scale)  End of intervention SD","Caregiver burden at 4 months (Zarit Burden Interview) Baseline mean","Caregiver burden at 4 months (Zarit Burden Interview) Baseline N","Caregiver burden at 4 months (Zarit Burden Interview) Baseline SD","Caregiver burden at 4 months (Zarit Burden Interview) Posttest mean","Caregiver burden at 4 months (Zarit Burden Interview) Posttest N","Caregiver burden at 4 months (Zarit Burden Interview) Posttest SD","Caregiver burden at 6 months (Caregiver Burden Inventory) Posttest 2 (3 months post-intervention) mean","Caregiver burden at 6 months (Caregiver Burden Inventory) Posttest 2 (3 months post-intervention) N","Caregiver burden at 6 months (Caregiver Burden Inventory) Posttest 2 (3 months post-intervention) SD","Caregiver burden at 6 months (Caregiver Burden Inventory) Pretest mean","Caregiver burden at 6 months (Caregiver Burden Inventory) Pretest N","Caregiver burden at 6 months (Caregiver Burden Inventory) Pretest SD","Caregiver burden at 8 weeks (Zarit Burden Interview) 8 weeks mean","Caregiver burden at 8 weeks (Zarit Burden Interview) 8 weeks N","Caregiver burden at 8 weeks (Zarit Burden Interview) 8 weeks SD","Caregiver burden at 8 weeks (Zarit Burden Interview) Baseline mean","Caregiver burden at 8 weeks (Zarit Burden Interview) Baseline N","Caregiver burden at 8 weeks (Zarit Burden Interview) Baseline SD","Caregiver burden (Zarit Burden Scale) 7 weeks mean","Caregiver burden (Zarit Burden Scale) 7 weeks N","Caregiver burden (Zarit Burden Scale) 7 weeks SD","Caregiver burden (Zarit Burden Scale) Baseline mean","Caregiver burden (Zarit Burden Scale) Baseline N","Caregiver burden (Zarit Burden Scale) Baseline SD","Caregiver distress from BPSD (NPI-Q) 6 months Adjusted standardised mean difference between intervention and control groups","Caregiver distress from BPSD (NPI-Q) 6 months N","Caregiver distress from BPSD (NPI-Q) 6 months Upper bound 95% CI","Caregiver distress from BPSD (NPI-Q) 6 months Lower bound 95% CI","Caregiver environmental quality of life (WHO-QoL-Bref) 6 months Adjusted standardised mean difference between intervention and control groups","Caregiver environmental quality of life (WHO-QoL-Bref) 6 months N","Caregiver environmental quality of life (WHO-QoL-Bref) 6 months Upper bound 95% CI","Caregiver environmental quality of life (WHO-QoL-Bref) 6 months Lower bound 95% CI","Caregiver physical quality of life (WHO-QoL-Bref)  6 months Adjusted standardised mean difference between intervention and control groups","Caregiver physical quality of life (WHO-QoL-Bref)  6 months N","Caregiver physical quality of life (WHO-QoL-Bref)  6 months Upper bound 95% CI","Caregiver physical quality of life (WHO-QoL-Bref)  6 months Lower bound 95% CI","Caregiver psychological morbidity (SRQ-20) 6 months Adjusted standardised mean difference between intervention and control groups","Caregiver psychological morbidity (SRQ-20) 6 months N","Caregiver psychological morbidity (SRQ-20) 6 months Upper bound 95% CI","Caregiver psychological morbidity (SRQ-20) 6 months Lower bound 95% CI","Caregiver psychological quality of life (WHO-QoL-Bref) 6 months Adjusted standardised mean difference between intervention and control groups","Caregiver psychological quality of life (WHO-QoL-Bref) 6 months N","Caregiver psychological quality of life (WHO-QoL-Bref) 6 months Upper bound 95% CI","Caregiver psychological quality of life (WHO-QoL-Bref) 6 months Lower bound 95% CI","Caregiver quality of life at 4 months (QOL-AD caregivers) Baseline mean","Caregiver quality of life at 4 months (QOL-AD caregivers) Baseline N","Caregiver quality of life at 4 months (QOL-AD caregivers) Baseline SD","Caregiver quality of life at 4 months (QOL-AD caregivers) Posttest mean","Caregiver quality of life at 4 months (QOL-AD caregivers) Posttest N","Caregiver quality of life at 4 months (QOL-AD caregivers) Posttest SD","Caregiver quality of life at 6 months (WHOQOL-BREF) Posttest 2 (3 months post-intervention) mean","Caregiver quality of life at 6 months (WHOQOL-BREF) Posttest 2 (3 months post-intervention) N","Caregiver quality of life at 6 months (WHOQOL-BREF) Posttest 2 (3 months post-intervention) SD","Caregiver quality of life at 6 months (WHOQOL-BREF) Pretest mean","Caregiver quality of life at 6 months (WHOQOL-BREF) Pretest N","Caregiver quality of life at 6 months (WHOQOL-BREF) Pretest SD","Caregiver role strain (Zarit burden interview) 6 months Adjusted standardised mean difference between intervention and control groups","Caregiver role strain (Zarit burden interview) 6 months N","Caregiver role strain (Zarit burden interview) 6 months Upper bound 95% CI","Caregiver role strain (Zarit burden interview) 6 months Lower bound 95% CI","Caregiver social quality of life (WHO-QoL-Bref) 6 months Adjusted standardised mean difference between intervention and control groups","Caregiver social quality of life (WHO-QoL-Bref) 6 months N","Caregiver social quality of life (WHO-QoL-Bref) 6 months Upper bound 95% CI","Caregiver social quality of life (WHO-QoL-Bref) 6 months Lower bound 95% CI","Carer burden Post-intervention SD","Carer burden Post-intervention Mean","Carer burden Pre-intervention SD","Carer burden Pre-intervention Mean","Care recipient BPSD severity (NPI-Q) 6 months Adjusted standardised mean difference between intervention and control groups","Care recipient BPSD severity (NPI-Q) 6 months N","Care recipient BPSD severity (NPI-Q) 6 months Upper bound 95% CI","Care recipient BPSD severity (NPI-Q) 6 months Lower bound 95% CI","Care recipient quality of life (DEMQOL) 6 months Adjusted standardised mean difference between intervention and control groups","Care recipient quality of life (DEMQOL) 6 months N","Care recipient quality of life (DEMQOL) 6 months Upper bound 95% CI","Care recipient quality of life (DEMQOL) 6 months Lower bound 95% CI","GDS Baseline mean.1","GDS Baseline N","GDS Baseline SD_231","GDS Week 8 mean.1","GDS Week 8 N","GDS Week 8 SD_232","Katz Baseline median","Katz Baseline n","Katz Baseline range","Katz Week 8 median","Katz Week 8 n","Katz Week 8 range","Lawton Baseline mean","Lawton Baseline N","Lawton Baseline SD","Lawton Week 8 mean","Lawton Week 8 N","Lawton Week 8 SD","MMSE Baseline Range","MMSE Baseline N","MMSE Baseline Median","MMSE Week 8 Range","MMSE Week 8 N","MMSE Week 8 Median","MNA Baseline median","MNA Baseline n","MNA Baseline range","MNA Week 8 median","MNA Week 8 n","MNA Week 8 range","Neuropsychiatric symptoms Significant differences in symptoms Findings","NPI Baseline median","NPI Baseline n","NPI Baseline range","NPI Week 8 median","NPI Week 8 n","NPI Week 8 range","Perceived caregiver burden at 6 months (Zarit Burden score) 6 months N","Perceived caregiver burden at 6 months (Zarit Burden score) 6 months upper 95% CI","Perceived caregiver burden at 6 months (Zarit Burden score) 6 months Treatment effect in intervention group at 6 months","Perceived caregiver burden at 6 months (Zarit Burden score) 6 months lower 95% CI","Physiological parameter (DBP) 12 weeks(post-test) mean","Physiological parameter (DBP) 12 weeks(post-test) N","Physiological parameter (DBP) 12 weeks(post-test) SD","Physiological parameter (DBP) Baseline mean","Physiological parameter (DBP) Baseline N","Physiological parameter (DBP) Baseline SD","Physiological parameter (HR) 12 weeks(post-test) mean","Physiological parameter (HR) 12 weeks(post-test) N","Physiological parameter (HR) 12 weeks(post-test) SD","Physiological parameter (HR) Baseline mean","Physiological parameter (HR) Baseline N","Physiological parameter (HR) Baseline SD","Physiological parameter(SBP) 12 weeks(post-test) mean","Physiological parameter(SBP) 12 weeks(post-test) N","Physiological parameter(SBP) 12 weeks(post-test) SD","Physiological parameter(SBP) Baseline mean","Physiological parameter(SBP) Baseline N","Physiological parameter(SBP) Baseline SD","PSQI Baseline mean","PSQI Baseline N","PSQI Baseline SD","PSQI Week 8 mean","PSQI Week 8 N","PSQI Week 8 SD","Pysiological parameter (RR) 12 weeks(post-test) mean","Pysiological parameter (RR) 12 weeks(post-test) N","Pysiological parameter (RR) 12 weeks(post-test) SD","Pysiological parameter (RR) Baseline mean","Pysiological parameter (RR) Baseline N","Pysiological parameter (RR) Baseline SD","SES T0 MS","SES T0 SD","SES T1 MS","SES T1 SD","SES T2 MS","SES T2 SD","SRQOL T0 MS","SRQOL T0 SD","SRQOL T1 MS","SRQOL T1 SD","SRQOL T2 MS","SRQOL T2 SD","WIB T0 MS","WIB T0 SD","WIB T1 MS","WIB T1 SD","WIB T2 MS","WIB T2 SD","Zarit Burden Interview (ZBI) Baseline mean","Zarit Burden Interview (ZBI) Baseline N","Zarit Burden Interview (ZBI) Baseline SD","Zarit Burden Interview (ZBI) Change at 3 month follow up mean","Zarit Burden Interview (ZBI) Change at 3 month follow up N","Zarit Burden Interview (ZBI) Change at 3 month follow up SD","Zarit Burden Interview (ZBI) Post Intervention Change mean","Zarit Burden Interview (ZBI) Post Intervention Change N","Zarit Burden Interview (ZBI) Post Intervention Change SD","Zarit Burden Scale (ZBS) After intervention mean","Zarit Burden Scale (ZBS) After intervention N","Zarit Burden Scale (ZBS) After intervention SD","Zarit Burden Scale (ZBS) Baseline mean","Zarit Burden Scale (ZBS) Baseline N","Zarit Burden Scale (ZBS) Baseline SD","ZBI Baseline mean","ZBI Baseline N","ZBI Baseline SD_415","ZBI T0 MS","ZBI T0 SD","ZBI T1 MS","ZBI T1 SD","ZBI T2 MS","ZBI T2 SD","ZBI Week 8 mean","ZBI Week 8 N","ZBI Week 8 SD_419"
"Amit 2008",2008,"Control","No intervention","No intervention","India","Caregivers of people living with dementia were recruited from the community. “The study was conducted in Goa, on the west coast of India. Goa is in an advanced stage of the epidemiological and demographic transition in the country, with some of the best health indicators [7] and a rising proportion of older people; the 2001 Census reported that 8.3% of the total population was aged over 60 years[8]. The consensus figure for prevalence of dementia in India is 1.9% above the age of 60 years [3]The present trial was carried out in two of the largest administrative blocks (talukas) in the state - Bardez and Tiswadi with a population of approximately 340,000.”","Dementia (general/unspecified)","Dementia","Mild to moderate","Yes",NA,NA,NA,NA,NA,NA,NA,NA,NA,"low risk","some concerns","low risk","high risk","some concerns","high risk","Below primary: 19%","32.5","53.8","85",NA,NA,NA,NA,"Education and information (wait list for intervention)","“The control arm dyads received only education and information regarding dementia and were then placed in a waiting list to receive the intervention after 6 months. They were free to utilize the existing health services during this time.”",NA,"N/A",NA,NA,NA,NA,NA,NA,NA,NA,NA,NA,NA,NA,NA,NA,NA,NA,NA,NA,NA,NA,NA,NA,NA,NA,NA,NA,NA,NA,NA,NA,NA,NA,NA,NA,NA,NA,NA,NA,NA,NA,NA,NA,NA,NA,NA,NA,NA,NA,NA,NA,NA,NA,NA,NA,NA,NA,NA,NA,NA,NA,NA,NA,NA,NA,NA,NA,NA,NA,NA,NA,NA,NA,NA,NA,NA,NA,NA,NA,NA,NA,NA,NA,NA,NA,NA,NA,NA,NA,NA,NA,NA,NA,NA,NA,NA,NA,NA,NA,NA,NA,NA,NA,NA,NA,NA,NA,NA,NA,NA,NA,NA,NA,NA,NA,NA,NA,NA,NA,NA,NA,NA,NA,NA,NA,NA,NA,NA,NA,NA,NA,NA,NA,NA,NA,"26",NA,NA,NA,NA,NA,NA,NA,NA,NA,NA,NA,NA,NA,NA,NA,NA,NA,NA,NA,NA,NA,NA,NA,NA,NA,NA,NA,NA,NA,NA,NA,NA,NA,NA,NA,NA,NA,NA,NA,NA,NA,NA,NA,NA,NA,NA,NA,NA,NA,NA,NA,NA,NA,NA,NA,NA,NA,NA,NA,NA,NA,NA,NA,NA,NA,NA,NA,NA,NA,NA,NA,NA,NA,NA,NA,NA,NA,NA
"Amit 2008",2008,"Home care program","Training and education for carers","Training and education for unpaid carers","India","Caregivers of people living with dementia were recruited from the community. “The study was conducted in Goa, on the west coast of India. Goa is in an advanced stage of the epidemiological and demographic transition in the country, with some of the best health indicators [7] and a rising proportion of older people; the 2001 Census reported that 8.3% of the total population was aged over 60 years[8]. The consensus figure for prevalence of dementia in India is 1.9% above the age of 60 years [3]The present trial was carried out in two of the largest administrative blocks (talukas) in the state - Bardez and Tiswadi with a population of approximately 340,000.”","Dementia (general/unspecified)","Dementia","Mild to moderate","Yes",NA,NA,NA,NA,NA,NA,NA,NA,NA,"low risk","some concerns","low risk","high risk","some concerns","high risk","Below primary: 16%","36.6","53.2","90.2",NA,NA,NA,NA,"Flexible home-care program tailored to needs of the individual with dementia and their family, delivered by a team of home care advisors, specialist doctor, and counsellor, over 6 months.","“The intervention was delivered by a Community Team, one for each taluka. Each team comprised two full-time Home Care Advisors (HCA), and a part-time local psychiatrist from the public health services, and a part-time lay counselor (who was shared by both teams). The minimum requirements for being a HCA were knowledge of the local language, being literate, preferably passed higher secondary school, and motivated to be involved in the community care of older people. They received intensive training for a week through role play and interactive training methods. The HCA were trained in key skills including listening and counselling skills, bereavement counseling, stress management and health advice for common health problems. The specific components of the intervention carried out by the HCA were: Basic education about dementia (what is the disease, its course, its features etc); Education about common behaviour problems and how they can be managed; Support to the caregiver, for example for an elderly caregiver living alone with the patient, in activities of daily living; Referral to psychiatrists or the family doctor when behaviour problems are severe and warrant medication intervention; Networking of families to enable the formation of support groups; Advice regarding existing government schemes for elders. The HCA applied a flexible home-care program tailored to the needs of the individual and the family. The baseline information collected by the researchers was made available to the HCA before they initiated the intervention. The minimum frequency of visits was at least once a fortnight for six months. The maximum was based on the needs as assessed by the HCA. Thus, the visits could be more frequent depending on the need of that particular family.”",NA,"Intervention for carers",NA,NA,NA,NA,NA,NA,NA,NA,NA,NA,NA,NA,NA,NA,NA,NA,NA,NA,NA,NA,NA,NA,NA,NA,NA,NA,NA,NA,NA,NA,NA,NA,NA,NA,NA,NA,NA,NA,NA,NA,NA,NA,NA,NA,NA,NA,NA,NA,NA,NA,NA,NA,NA,NA,NA,NA,NA,NA,NA,NA,NA,NA,NA,NA,NA,NA,NA,NA,NA,NA,NA,NA,NA,NA,NA,NA,NA,NA,NA,NA,NA,NA,NA,NA,NA,NA,NA,NA,NA,NA,NA,NA,NA,NA,NA,NA,NA,NA,NA,NA,NA,NA,NA,NA,NA,NA,NA,NA,NA,NA,NA,NA,NA,NA,NA,NA,NA,NA,NA,NA,NA,NA,NA,NA,NA,NA,NA,NA,NA,NA,NA,NA,NA,NA,"33","0.2","-3.29","-6.78",NA,NA,NA,NA,NA,NA,NA,NA,NA,NA,NA,NA,NA,NA,NA,NA,NA,NA,NA,NA,NA,NA,NA,NA,NA,NA,NA,NA,NA,NA,NA,NA,NA,NA,NA,NA,NA,NA,NA,NA,NA,NA,NA,NA,NA,NA,NA,NA,NA,NA,NA,NA,NA,NA,NA,NA,NA,NA,NA,NA,NA,NA,NA,NA,NA,NA,NA,NA,NA,NA,NA,NA,NA,NA,NA
"Pahlavanzadeh 2010",2010,"Control","No intervention","No intervention","Iran","Modares Psychiatric Hospital and Shariati Psychiatric clinic in the city of Isfahan, which are the centers for elderly with dementia","Dementia (general/unspecified)","Dementia","Not specified","Yes",NA,NA,NA,NA,NA,NA,NA,NA,NA,"some concerns","high risk","high risk","high risk","some concerns","high risk","Illiterate: 16%; Primary school: 68%; Guidance school: 8%; High school diploma: 8%; Higher education: 0%","56","46.56","68",NA,13.44,NA,NA,"Control","No details",NA,"N/A",NA,NA,NA,NA,NA,NA,NA,NA,NA,NA,NA,NA,"64.50","25","25.13","43.28","25","13.08","46.8","25","3.13",NA,NA,NA,NA,NA,NA,NA,NA,NA,NA,NA,NA,NA,NA,NA,NA,NA,NA,NA,NA,NA,NA,NA,NA,NA,NA,NA,NA,NA,NA,NA,NA,NA,NA,NA,NA,NA,NA,NA,NA,NA,NA,NA,NA,NA,NA,NA,NA,NA,NA,NA,NA,NA,NA,NA,NA,NA,NA,NA,NA,NA,NA,NA,NA,NA,NA,NA,NA,NA,NA,NA,NA,NA,NA,NA,NA,NA,NA,NA,NA,NA,NA,NA,NA,NA,NA,NA,NA,NA,NA,NA,NA,NA,NA,NA,NA,NA,NA,NA,NA,NA,NA,NA,NA,NA,NA,NA,NA,NA,NA,NA,NA,NA,NA,NA,NA,NA,NA,NA,NA,NA,NA,NA,NA,NA,NA,NA,NA,NA,NA,NA,NA,NA,NA,NA,NA,NA,NA,NA,NA,NA,NA,NA,NA,NA,NA,NA,NA,NA,NA,NA,NA,NA,NA,NA,NA,NA,NA,NA,NA,NA,NA,NA,NA,NA,NA,NA,NA,NA,NA,NA,NA,NA,NA,NA,NA,NA,NA,NA,NA,NA,NA,NA,NA,NA,NA,NA,NA,NA,NA,NA,NA
"Pahlavanzadeh 2010",2010,"Family education program","Support for carers","Information, education, and training to support carers","Iran","Modares Psychiatric Hospital and Shariati Psychiatric clinic in the city of Isfahan, which are the centers for elderly with dementia","Dementia (general/unspecified)","Dementia","Not specified","Yes",NA,NA,NA,NA,NA,NA,NA,NA,NA,"some concerns","high risk","high risk","high risk","some concerns","high risk","Illiterate: 48%; Primary school: 32%; Guidance school: 4%; High school diploma: 16%; Higher education: 0%","44","42.88","84",NA,14,NA,NA,"Family education programme for caregivers; 5 weekly group sessions for 90 minutes each, plus recordings on CD","""Caregivers of the case group attended family educational program after signing a consent form. Patients and controls were not present in this program. The content of the program was based on an educational pamphlet prepared and edited by the researchers through reading books and articles. The content was approved by 10 psychiatrists, neurologist and faculty members of the School of Nursing and Midwifery of Isfahan University of Medical Sciences. This program included 5 weekly sessions22 using lecturing, group discussions (10-15 members in groups), and question and answer as table 1 presents. The duration of each session was 90 minutes23 and the place was Noor Hospital in Isfahan. This program was conducted under the supervision of the first researcher who has several years of experience as a university lecturer and patients and their families’ educator and also has a master degree in psychiatry. Meanwhile, CDs of all the sessions were provided to caregivers of the case group.""",NA,"Intervention for caregivers",NA,NA,NA,NA,NA,NA,NA,NA,NA,NA,NA,NA,"56.33","25","54.14","42","25","65.17","44.35","25","65.15",NA,NA,NA,NA,NA,NA,NA,NA,NA,NA,NA,NA,NA,NA,NA,NA,NA,NA,NA,NA,NA,NA,NA,NA,NA,NA,NA,NA,NA,NA,NA,NA,NA,NA,NA,NA,NA,NA,NA,NA,NA,NA,NA,NA,NA,NA,NA,NA,NA,NA,NA,NA,NA,NA,NA,NA,NA,NA,NA,NA,NA,NA,NA,NA,NA,NA,NA,NA,NA,NA,NA,NA,NA,NA,NA,NA,NA,NA,NA,NA,NA,NA,NA,NA,NA,NA,NA,NA,NA,NA,NA,NA,NA,NA,NA,NA,NA,NA,NA,NA,NA,NA,NA,NA,NA,NA,NA,NA,NA,NA,NA,NA,NA,NA,NA,NA,NA,NA,NA,NA,NA,NA,NA,NA,NA,NA,NA,NA,NA,NA,NA,NA,NA,NA,NA,NA,NA,NA,NA,NA,NA,NA,NA,NA,NA,NA,NA,NA,NA,NA,NA,NA,NA,NA,NA,NA,NA,NA,NA,NA,NA,NA,NA,NA,NA,NA,NA,NA,NA,NA,NA,NA,NA,NA,NA,NA,NA,NA,NA,NA,NA,NA,NA,NA,NA,NA,NA,NA,NA,NA,NA,NA
"Guerra 2011",2011,"Intervention group","Training and education for carers","Training and education for unpaid carers","Peru","Intervention was carried out at the participant's home.","Dementia (general/unspecified)","Dementia","Any severity stage","Yes",NA,NA,NA,NA,NA,NA,NA,NA,NA,"low risk","some concerns","low risk","high risk","some concerns","high risk","55.5% completed secondary or more","79.3","53.3","85.7",NA,NA,NA,NA,"10/66 caregiver intervention consisting of education and training in 5 weekly 30-minute sessions","""The 10/66 intervention targets the main caregiver, but it also includes members of the immediate and extended family. The aim is to provide basic education about dementia and specific training on managing problem behaviors. The three simple, manualised modules are delivered over five weekly sessions with 30 minutes each. Module 1 - Assessment (one session): a) Cognitive and functional impairments; b) Caregiver’s knowledge and understanding of dementia; andc) Care arrangements (Who are the family members? Who lives with the person with dementia? How do they assist the main caregiver? Which behavioral problems present most difficulties? How burdened do they feel?). Module 2 - Basic education (two sessions): a) General introduction to the illness; b) What to expect in the future; c) What causes and what does not cause dementia?; and d) Locally available care and treatment. Module 3 - Training on problem behaviors (two sessions):Up to eight problem behaviors identified in the assessment are addressed (personal hygiene, dressing, incontinence, repeated questioning, clinging, aggression, wandering, and apathy)""",NA,"Intervention for carers",NA,NA,NA,NA,NA,NA,NA,NA,NA,NA,NA,NA,NA,NA,NA,NA,NA,NA,NA,NA,NA,NA,NA,NA,NA,NA,NA,NA,NA,NA,NA,NA,NA,NA,NA,NA,NA,NA,NA,NA,NA,NA,NA,NA,NA,-0.09,27,0.48,-0.64,-0.22,27,0.3,-0.75,0.49,27,0.99,0,-0.14,27,0.4,-0.66,0.1,27,0.68,-0.47,NA,NA,NA,NA,NA,NA,NA,NA,NA,NA,NA,NA,-1.02,27,-0.51,-1.53,0.39,27,0.93,-0.15,NA,NA,NA,NA,-0.1,27,0.48,-0.66,0.32,27,1.48,-0.84,NA,NA,NA,NA,NA,NA,NA,NA,NA,NA,NA,NA,NA,NA,NA,NA,NA,NA,NA,NA,NA,NA,NA,NA,NA,NA,NA,NA,NA,NA,NA,NA,NA,NA,NA,NA,NA,NA,NA,NA,NA,NA,NA,NA,NA,NA,NA,NA,NA,NA,NA,NA,NA,NA,NA,NA,NA,NA,NA,NA,NA,NA,NA,NA,NA,NA,NA,NA,NA,NA,NA,NA,NA,NA,NA,NA,NA,NA,NA,NA,NA,NA,NA,NA,NA,NA,NA,NA,NA,NA,NA,NA,NA,NA,NA,NA,NA,NA,NA,NA,NA,NA,NA,NA,NA,NA,NA,NA,NA,NA,NA,NA,NA,NA,NA,NA
"Guerra 2011",2011,"Waiting list control group","No intervention","No intervention","Peru","Intervention was carried out at the participant's home.","Dementia (general/unspecified)","Dementia","Any severity stage","Yes",NA,NA,NA,NA,NA,NA,NA,NA,NA,"low risk","some concerns","low risk","high risk","some concerns","high risk","37.0% completed secondary or more; 2 missing values","69.0","47.6","89.7",NA,NA,NA,NA,"Waiting list",""" caregivers of people with dementia that received the intervention six months later""",NA,"N/A",NA,NA,NA,NA,NA,NA,NA,NA,NA,NA,NA,NA,NA,NA,NA,NA,NA,NA,NA,NA,NA,NA,NA,NA,NA,NA,NA,NA,NA,NA,NA,NA,NA,NA,NA,NA,NA,NA,NA,NA,NA,NA,NA,NA,NA,NA,29,NA,NA,NA,29,NA,NA,NA,29,NA,NA,NA,29,NA,NA,NA,29,NA,NA,NA,NA,NA,NA,NA,NA,NA,NA,NA,NA,NA,NA,NA,29,NA,NA,NA,29,NA,NA,NA,NA,NA,NA,NA,29,NA,NA,NA,29,NA,NA,NA,NA,NA,NA,NA,NA,NA,NA,NA,NA,NA,NA,NA,NA,NA,NA,NA,NA,NA,NA,NA,NA,NA,NA,NA,NA,NA,NA,NA,NA,NA,NA,NA,NA,NA,NA,NA,NA,NA,NA,NA,NA,NA,NA,NA,NA,NA,NA,NA,NA,NA,NA,NA,NA,NA,NA,NA,NA,NA,NA,NA,NA,NA,NA,NA,NA,NA,NA,NA,NA,NA,NA,NA,NA,NA,NA,NA,NA,NA,NA,NA,NA,NA,NA,NA,NA,NA,NA,NA,NA,NA,NA,NA,NA,NA,NA,NA,NA,NA,NA,NA,NA,NA,NA,NA,NA,NA,NA,NA,NA,NA,NA,NA,NA,NA,NA
"SerraniAzcurra 2012",2012,"Active control","Supportive psychosocial interventions","Supportive psychosocial interventions","Argentina","two privately funded long-term nursing homes","Alzheimer's Disease","Dementia","Mild to moderate","No, although caregiver burden is also measured.",NA,NA,NA,NA,NA,NA,NA,NA,NA,"some concerns","high risk","low risk","low risk","some concerns","high risk","9.1 (mean years)","60",NA,NA,NA,14.1,NA,NA,"Administered counseling and informal social contacts in
bi-weekly sessions of one hour, over a period of 12 weeks.",""" The control groupwas administered counseling and informal social contacts inbi-weekly sessions of one hour, but these subjects did notparticipate in reminiscence sessions. This was intended torule out the possibility that the improvement in quality oflife was due only to attention received and social stimulation. ""                                              ""Three psychologists who had experience working with eldersas well as demented or handicapped residents delivered the reminiscence interventions, the informal contacts withthe control group, and the counseling and stimulation contactswith the comparison group."" ""The psychologist team was trainedby the principal investigator to deliver the correspondingservices in a structured manner. The number of trainingsessions provided was 15, and the total number oftraining hours was 30.4. To ascertain that the psychologistteam would conduct the intervention, the comparison andthe control protocols in the same manner, videotaped recordswere assessed by two experts using a validation processmodel.40 According to this evaluation, at the end of thetraining period, the experts concluded that the psychologistteam was conducting the sessions for each group accordingto the corresponding protocols developed in the trainingsessions and in a similar fashion regarding the time allotted to each session, the number of interventions, and theprompting cues and emotional tone used in the session.""",NA,"Non-pharmacological","0.75","0.4","0.99","0.2","0.92","0.2",NA,NA,NA,NA,NA,NA,NA,NA,NA,NA,NA,NA,NA,NA,NA,NA,NA,NA,NA,NA,NA,NA,NA,NA,NA,NA,NA,NA,NA,NA,NA,NA,NA,NA,NA,NA,NA,NA,NA,NA,NA,NA,NA,NA,NA,NA,NA,NA,NA,NA,NA,NA,NA,NA,NA,NA,NA,NA,NA,NA,NA,NA,NA,NA,NA,NA,NA,NA,NA,NA,NA,NA,NA,NA,NA,NA,NA,NA,NA,NA,NA,NA,NA,NA,NA,NA,NA,NA,NA,NA,NA,NA,NA,NA,NA,NA,NA,NA,NA,NA,NA,NA,NA,NA,NA,NA,NA,NA,NA,NA,NA,NA,NA,NA,NA,NA,NA,NA,NA,NA,NA,NA,NA,NA,NA,NA,NA,NA,NA,NA,NA,NA,NA,NA,NA,NA,NA,NA,NA,NA,NA,NA,NA,NA,NA,NA,NA,NA,NA,NA,NA,NA,NA,NA,NA,NA,NA,NA,NA,NA,NA,NA,"3.3","0.7","3.6","0.6","3.9","0.7","22.9","3.7","23.6","5.8","26.8","2.7","1.5","0.4","1.5","0.3","1.4","0.7",NA,NA,NA,NA,NA,NA,NA,NA,NA,NA,NA,NA,NA,NA,NA,NA,NA,NA,"14.2","5.1","15.2","4.5","15.6","5.7",NA,NA,NA
"SerraniAzcurra 2012",2012,"Intervention group","Structured therapeutic psychosocial interventions","Reminiscence therapy","Argentina","two privately funded long-term nursing homes","Alzheimer's Disease","Dementia","Mild to moderate","No, although caregiver burden is also measured.",NA,NA,NA,NA,NA,NA,NA,NA,NA,"some concerns","high risk","low risk","low risk","some concerns","high risk","8.6 (mean years)","66.5",NA,NA,NA,13.2,NA,NA,"Received 24
bi-weekly sessions of reminiscence therapy, lasting one hour
each, over a period of 12 weeks","""  The intervention was designed as an individual treatmentcondition in which each participating subject received 24bi-weekly sessions of reminiscence therapy, lasting one houreach, over a period of 12 weeks""              ""The reminiscence intervention used in the present study was as follows: the patientsjoined a peer group where the coordinators offered memorytriggers, such as photographs, recordings and newspaperclippings used to promote personal and shared memories.Sometimes, caregivers or family members were allowed tobe included alongside their relatives with dementia. Then,a general discussion followed, fostering the emergence ofshared concepts and reframing the patient’s initiative toimprove both cognitive capacities and relationship abilities. This in turn increased the likelihood of improving thequality of life, social engagement and adaptation tothe facility environment.27 Three main variables contributedto successful reminiscing: individuality (one-on-one reminiscing), evaluation (a personal evaluation of events), andstructure (covering the whole life span)"" ""Three psychologists who had experience working with eldersas well as demented or handicapped residents delivered thereminiscence interventions, the informal contacts withthe control group, and the counseling and stimulation contactswith the comparison group."" "" The psychologist team was trainedby the principal investigator to deliver the correspondingservices in a structured manner. The number of trainingsessions provided was 15, and the total number oftraining hours was 30.4. To ascertain that the psychologistteam would conduct the intervention, the comparison andthe control protocols in the same manner, videotaped recordswere assessed by two experts using a validation processmodel.40 According to this evaluation, at the end of thetraining period, the experts concluded that the psychologistteam was conducting the sessions for each group accordingto the corresponding protocols developed in the trainingsessions and in a similar fashion regarding the time allotted to each session, the number of interventions, and theprompting cues and emotional tone used in the session.""",NA,"Non-pharmacological","0.53","0.3","0.22","0.03","0.12","0.02",NA,NA,NA,NA,NA,NA,NA,NA,NA,NA,NA,NA,NA,NA,NA,NA,NA,NA,NA,NA,NA,NA,NA,NA,NA,NA,NA,NA,NA,NA,NA,NA,NA,NA,NA,NA,NA,NA,NA,NA,NA,NA,NA,NA,NA,NA,NA,NA,NA,NA,NA,NA,NA,NA,NA,NA,NA,NA,NA,NA,NA,NA,NA,NA,NA,NA,NA,NA,NA,NA,NA,NA,NA,NA,NA,NA,NA,NA,NA,NA,NA,NA,NA,NA,NA,NA,NA,NA,NA,NA,NA,NA,NA,NA,NA,NA,NA,NA,NA,NA,NA,NA,NA,NA,NA,NA,NA,NA,NA,NA,NA,NA,NA,NA,NA,NA,NA,NA,NA,NA,NA,NA,NA,NA,NA,NA,NA,NA,NA,NA,NA,NA,NA,NA,NA,NA,NA,NA,NA,NA,NA,NA,NA,NA,NA,NA,NA,NA,NA,NA,NA,NA,NA,NA,NA,NA,NA,NA,NA,NA,NA,NA,"3.4","1.9","4.0","0.87","4.9","0.76","23.3","4.2","27.1","8.7","34.6","5.89","1.5","0.8","1.2","0.5","1.1","0.7",NA,NA,NA,NA,NA,NA,NA,NA,NA,NA,NA,NA,NA,NA,NA,NA,NA,NA,"13.4","3.5","11.3","3.6","10.5","3.3",NA,NA,NA
"SerraniAzcurra 2012",2012,"Passive control","No intervention","No intervention","Argentina","two privately funded long-term nursing homes","Alzheimer's Disease","Dementia","Mild to moderate","No, although caregiver burden is also measured.",NA,NA,NA,NA,NA,NA,NA,NA,NA,"some concerns","high risk","low risk","low risk","some concerns","high risk","8.7 (mean years)","65.5",NA,NA,NA,14.6,NA,NA,"Control (unstructured socialcontact, again in bi-weekly sessions of one hour each, over a period of 12 weeks)",""" The comparison group received unstructured social contact, again in bi-weekly sessions of one hour each""",NA,"N/A","0.63","0.4","1.34","0.6","1.16","0.9",NA,NA,NA,NA,NA,NA,NA,NA,NA,NA,NA,NA,NA,NA,NA,NA,NA,NA,NA,NA,NA,NA,NA,NA,NA,NA,NA,NA,NA,NA,NA,NA,NA,NA,NA,NA,NA,NA,NA,NA,NA,NA,NA,NA,NA,NA,NA,NA,NA,NA,NA,NA,NA,NA,NA,NA,NA,NA,NA,NA,NA,NA,NA,NA,NA,NA,NA,NA,NA,NA,NA,NA,NA,NA,NA,NA,NA,NA,NA,NA,NA,NA,NA,NA,NA,NA,NA,NA,NA,NA,NA,NA,NA,NA,NA,NA,NA,NA,NA,NA,NA,NA,NA,NA,NA,NA,NA,NA,NA,NA,NA,NA,NA,NA,NA,NA,NA,NA,NA,NA,NA,NA,NA,NA,NA,NA,NA,NA,NA,NA,NA,NA,NA,NA,NA,NA,NA,NA,NA,NA,NA,NA,NA,NA,NA,NA,NA,NA,NA,NA,NA,NA,NA,NA,NA,NA,NA,NA,NA,NA,NA,NA,"3.4","1.1","3.5","1.3","3.6","1.4","23.7","4.1","23.9","3.7","25.2","4.2","1.4","0.76","1.3","0.9","1.9","0.8",NA,NA,NA,NA,NA,NA,NA,NA,NA,NA,NA,NA,NA,NA,NA,NA,NA,NA,"12.9","6.1","15.7","7.9","17.9","6.9",NA,NA,NA
"Aboulafia-Brakha 2014",2014,"Cognitive–behavioural group therapy","Support for carers","Group support and therapy","Brazil","""The recruitment was carried out at the Cognitive Disorders Reference Center – CEREDIC of the Medical School of Universidade de S~ao Paulo – Clinical Hospital (HCFMUSP).""","Alzheimer's Disease","Dementia","Moderate to severe","Yes",NA,NA,NA,NA,NA,NA,NA,NA,NA,"high risk","some concerns","high risk","high risk","some concerns","high risk",NA,NA,"59.42","100","(8.3% were in paid emplyment)",NA,NA,NA,"Structured group discussion and CBT sessions for caregivers (90 minutes, 1/week, over 8 weeks)",NA,"""CBT group: caregivers allocated to this group were
divided in small groups of six to eight participants.
They benefited from eight 90-minute group sessions
held once a week, with pre-established discussion
themes. These included life activities before
and after caring for their AD relative, the family
dynamic around the affected member and the caregiver
relationship with his/her relative. Using cognitive–
behavioural techniques, such as cognitive
restructuring and behaviour modifications, participants
were encouraged to resume some of the activities
they had abandoned after becoming a
caregiver and to favour the inclusion of other family
members in caregiving activities. For example,
in one of the sessions, participants chose one activity
they wanted to carry out during the next week
and that was feasible if someone else took care of
their proxy. Cognitions and emotions related to this
attitude were discussed prior to exposure, and participants
could also benefit from encouragement of
the other group fellows. The following week, they
were invited to share their experience in the group,
where alternative ways of thinking and feeling
about the situation were identified. Further, psychoeducation facts transmitted to the EDUC
group (including management of AD’s neuropsychiatric
symptoms) were also covered in the CBT
group, but in an interactive manner, which explains
the need for slightly longer sessions. Discussions
between group members and role-plays were regularly
encouraged in order to strengthen the understanding
of the different topics. In order to test and
apply the skills learned during the sessions, homework
tasks were recommended, such as practicing
in vivo what was rehearsed in role-plays.""","Intervention for carers",NA,NA,NA,NA,NA,NA,NA,NA,NA,NA,NA,NA,NA,NA,NA,NA,NA,NA,NA,NA,NA,NA,NA,NA,NA,NA,NA,NA,NA,NA,NA,NA,NA,"38.1","11","12.9","35.0","11","13.5",NA,NA,NA,NA,NA,NA,NA,NA,NA,NA,NA,NA,NA,NA,NA,NA,NA,NA,NA,NA,NA,NA,NA,NA,NA,NA,NA,NA,NA,NA,NA,NA,NA,NA,NA,NA,NA,NA,NA,NA,NA,NA,NA,NA,NA,NA,NA,NA,NA,NA,NA,NA,NA,NA,NA,NA,NA,NA,NA,NA,NA,NA,NA,NA,NA,NA,NA,NA,NA,NA,NA,NA,NA,NA,NA,NA,NA,NA,NA,NA,NA,NA,NA,NA,NA,NA,NA,NA,NA,NA,NA,NA,NA,NA,NA,NA,NA,NA,NA,NA,NA,NA,NA,NA,NA,NA,NA,NA,NA,NA,NA,NA,NA,NA,NA,NA,NA,NA,NA,NA,NA,NA,NA,NA,NA,NA,NA,NA,NA,NA,NA,NA,NA,NA,NA,NA,NA,NA,NA,NA,NA,NA,NA,NA,NA,NA,NA,NA,NA,NA,NA,NA,NA,NA,NA,NA,NA,NA,NA,NA,NA,NA,NA,NA,NA,NA,NA,NA,NA,NA,NA,NA,NA,NA
"Aboulafia-Brakha 2014",2014,"Psychoeducation group programme (Control)","Support for carers","Information, education, and training to support carers","Brazil","""The recruitment was carried out at the Cognitive Disorders Reference Center – CEREDIC of the Medical School of Universidade de S~ao Paulo – Clinical Hospital (HCFMUSP).""","Alzheimer's Disease","Dementia","Moderate to severe","Yes",NA,NA,NA,NA,NA,NA,NA,NA,NA,"high risk","some concerns","high risk","high risk","some concerns","high risk",NA,NA,"55.07","67","(53.3% were in paid employment)",NA,NA,NA,"Structured group education session for caregivers (60 minutes,  1/week, over 8 weeks)",NA,"EDUC group: in this group, caregivers participated
in eight 60-minute group sessions held once
a week, with up to 17 participants together. They
received information on AD. The programme was based on the work of Zarit, Anthony, and Boutselis
(1987) and Parks and Novielli (2000), and covered
the diagnosis process, cognitive symptoms,
different stages of the disease and available treatment
methods. Advices concerning interaction
with the patient, how to deal with neuropsychiatric
symptoms such as disinhibition, aggressiveness
and delusions, as well as security issues
were also given. Information was transmitted in a
structured format with the aid of presentation software.
At the end of the sessions, participants were
allowed to ask questions, but little opportunity
was given for discussion of personal issues and
interactions between participants.""","Intervention for carers",NA,NA,NA,NA,NA,NA,NA,NA,NA,NA,NA,NA,NA,NA,NA,NA,NA,NA,NA,NA,NA,NA,NA,NA,NA,NA,NA,NA,NA,NA,NA,NA,NA,"34.2","15","16.3","31.3","15","11.9",NA,NA,NA,NA,NA,NA,NA,NA,NA,NA,NA,NA,NA,NA,NA,NA,NA,NA,NA,NA,NA,NA,NA,NA,NA,NA,NA,NA,NA,NA,NA,NA,NA,NA,NA,NA,NA,NA,NA,NA,NA,NA,NA,NA,NA,NA,NA,NA,NA,NA,NA,NA,NA,NA,NA,NA,NA,NA,NA,NA,NA,NA,NA,NA,NA,NA,NA,NA,NA,NA,NA,NA,NA,NA,NA,NA,NA,NA,NA,NA,NA,NA,NA,NA,NA,NA,NA,NA,NA,NA,NA,NA,NA,NA,NA,NA,NA,NA,NA,NA,NA,NA,NA,NA,NA,NA,NA,NA,NA,NA,NA,NA,NA,NA,NA,NA,NA,NA,NA,NA,NA,NA,NA,NA,NA,NA,NA,NA,NA,NA,NA,NA,NA,NA,NA,NA,NA,NA,NA,NA,NA,NA,NA,NA,NA,NA,NA,NA,NA,NA,NA,NA,NA,NA,NA,NA,NA,NA,NA,NA,NA,NA,NA,NA,NA,NA,NA,NA,NA,NA,NA,NA,NA,NA
"Kamkhagi 2015",2015,"Body awareness therapy (BAT)","Support for carers","Information, education, and training to support carers","Brazil","psychogeriatric clinic of a tertiary hospital in Brazil (Institute of Psychiatry, Faculty of Medicine, Uni-versity of Sao Paulo","Alzheimer's Disease","Dementia","Mild to moderate","Yes",NA,NA,NA,NA,NA,NA,NA,NA,NA,"some concerns","high risk","high risk","high risk","some concerns","high risk","94% high school or higher",NA,"55.7","70",NA,NA,NA,NA,"Body Awareness Therapy once a week in a total of 14 group sessions of 90 minutes of duration each.","""The facilitators of BAT sessions were a physical therapist and a psychologist."" ""The BAT intervention was designed according to the “Func-tional Symbolic Dynamics” methodology, created by Marcia Taques Bittencourt17, which has as a major goal to bring the patient to bodily self-awareness. This intervention started with a physical evaluation by the therapist and uses several physiotherapeutic backgrounds such as calatonia, eutonia, feldenkrais, relaxing, somatic experience, spontaneous movements and dance. Petho Sándor18 established in 1974 the basis for the utilization of soft touches in specific points, which uses the high potential of the skin sensitivity, promoting a multi-sensorial experience, physical and psychological rebalancing, and leading the recipients of the intervention to pay more attention to themselves. Body relaxation is considered a psychophysiological reconditioning method. In eutonia, through attention and self-observation, using auxiliary objects, the individual can get in contact with his/her internal rhythm. The sequence of Feldenkrais slow movements will explore the patterns and limits of the body. During the sessions, some tools were used to awaken new perceptions, such as: bed linen, clay, little balls and drawings.""",NA,"Non-pharmacological intervention",NA,NA,NA,NA,NA,NA,NA,NA,NA,NA,NA,NA,NA,NA,NA,NA,NA,NA,NA,NA,NA,NA,NA,NA,NA,NA,NA,NA,NA,NA,NA,NA,NA,NA,NA,NA,NA,NA,NA,NA,NA,NA,NA,NA,NA,NA,NA,NA,NA,NA,NA,NA,NA,NA,NA,NA,NA,NA,NA,NA,NA,NA,NA,NA,NA,NA,NA,NA,NA,NA,NA,NA,NA,NA,NA,NA,NA,NA,NA,NA,NA,NA,NA,NA,NA,NA,NA,NA,NA,NA,NA,NA,NA,NA,NA,NA,NA,NA,NA,NA,NA,NA,NA,NA,NA,NA,NA,NA,NA,NA,NA,NA,NA,NA,NA,NA,NA,NA,NA,NA,NA,NA,NA,NA,NA,NA,NA,NA,NA,NA,NA,NA,NA,NA,NA,NA,NA,NA,NA,NA,NA,NA,NA,NA,NA,NA,NA,NA,NA,NA,NA,NA,NA,NA,NA,NA,NA,NA,NA,NA,NA,NA,NA,NA,NA,NA,NA,NA,NA,NA,NA,NA,NA,NA,NA,NA,NA,NA,NA,NA,NA,NA,NA,NA,NA,NA,NA,NA,NA,NA,NA,NA,NA,NA,NA,"37.1","17","9.8","48.9","17","15.1",NA,NA,NA,NA,NA,NA,NA,NA,NA,NA,NA,NA
"Kamkhagi 2015",2015,"Psychodynamic group therapy (PGT)","Support for carers","Group support and therapy","Brazil","psychogeriatric clinic of a tertiary hospital in Brazil (Institute of Psychiatry, Faculty of Medicine, Uni-versity of Sao Paulo","Alzheimer's Disease","Dementia","Mild to moderate","Yes",NA,NA,NA,NA,NA,NA,NA,NA,NA,"some concerns","high risk","high risk","high risk","some concerns","high risk","85% high school or higher",NA,"62.1","75",NA,NA,NA,NA,"Psychodynamic group therapy once a week in a total of 14 group sessions of 90 minutes of duration each.","""In the PGT group, several aspects of the caregiver roles were dealt with through the intervention program, reinforcing their resilience abilities. The most frequent aspects, usually raised spontaneously by participants (otherwise prompted by facilitators) were: loneliness and helplessness associated with the caregiver’s role, occurrence of family conflicts, and changing roles within the family dynamics. Participants were encouraged by the facilitators to get in contact with their feelings of sadness, frustration, anger and guilt, and to further name and elaborate the feelings they experience when dealing with these situations. In the first moment, the participants were asked to think about their previous relationship with the patient under their care, as it used to be before the onset of dementia, and then to update this notion to the present reality, thus enabling the elaboration of new ways to maintain an affectionate caring relationship with their relative. In a second moment, facilitators of the PGT group worked on other roles that the caregiver used to play in the family dynam-ics before the onset of the illness, and the necessary adaptations to the present time, particularly due to the necessity of performing unwanted roles and having to abandon (or at least cutback) the engagement in other competing roles. Some effort is dedicated by fa-cilitators to establish and reinforce empathy with the difficulties faced by the subject, discussing strategies to better cope with the various sources of burden of care. Towards the completion of the program, facilitators discuss the lack of recognition of the caregiver’s efforts by other family members and encourage participants to nominate their perceived and unattended rights; this “caregiver declaration of rights” usually warrants them a place of existence and gratefulness for their feelings and concerns.""",NA,"Non-pharmacological intervention",NA,NA,NA,NA,NA,NA,NA,NA,NA,NA,NA,NA,NA,NA,NA,NA,NA,NA,NA,NA,NA,NA,NA,NA,NA,NA,NA,NA,NA,NA,NA,NA,NA,NA,NA,NA,NA,NA,NA,NA,NA,NA,NA,NA,NA,NA,NA,NA,NA,NA,NA,NA,NA,NA,NA,NA,NA,NA,NA,NA,NA,NA,NA,NA,NA,NA,NA,NA,NA,NA,NA,NA,NA,NA,NA,NA,NA,NA,NA,NA,NA,NA,NA,NA,NA,NA,NA,NA,NA,NA,NA,NA,NA,NA,NA,NA,NA,NA,NA,NA,NA,NA,NA,NA,NA,NA,NA,NA,NA,NA,NA,NA,NA,NA,NA,NA,NA,NA,NA,NA,NA,NA,NA,NA,NA,NA,NA,NA,NA,NA,NA,NA,NA,NA,NA,NA,NA,NA,NA,NA,NA,NA,NA,NA,NA,NA,NA,NA,NA,NA,NA,NA,NA,NA,NA,NA,NA,NA,NA,NA,NA,NA,NA,NA,NA,NA,NA,NA,NA,NA,NA,NA,NA,NA,NA,NA,NA,NA,NA,NA,NA,NA,NA,NA,NA,NA,NA,NA,NA,NA,NA,NA,NA,NA,NA,"24.0","20","7.7","35.3","20","12.8",NA,NA,NA,NA,NA,NA,NA,NA,NA,NA,NA,NA
"Söylemez 2016",2016,"Progressively Lowered Stress Threshold-based intervention","Support for carers","Information, education, and training to support carers","Turkey","Western Turkey, home based. Patient lists were obtained from dementia outpatient clinics at one university hospital and the office of the Alzheimer’s Association in Izmir.","Alzheimer's Disease","Dementia","Mild","Yes",NA,NA,NA,NA,NA,NA,NA,NA,NA,"some concerns","some concerns","some concerns","high risk","some concerns","high risk","Primary school: 69%; High school: 14%; University: 17%","63","61.2","74",NA,NA,"0","100","Progressively Lowered Stress Threshold-based intervention for 3 months","""The PLST model (Hall & Buckwalter, 1987) provides the foundation for a psychoeduca-tional intervention that assists formal and informal caregivers in understanding behaviors and plan-ning care for individuals with de-mentia. It has been tested widely since 1988. The model can be eas-ily understood by professional and non-professional caregivers and allows for flexible modification of the care plan based on individuals’ changing needs. The PLST model is a conceptual framework that organizes symp-toms, suggests causes of challenging behaviors, and teaches caregivers methods of modifying the envi-ronment to eliminate or minimize behavioral symptoms. The rea-sons for, or triggers of, symptoms can usually be modified in any setting, resulting in a decrease in behaviors distressing to caregiv-ers and individuals with dementia. The PLST model should empower caregivers by helping them pre-vent and manage the most difficult behaviors in Alzheimer’s disease. 
 [...] Interventions were conduct-ed at patients’ homes in their usual environment. Individuals with de-mentia and their caregivers in the experimental group were seen four times in a 6-month period. Each session lasted at least 1 hour. The intervention phase lasted 3 months. [...] The first home visit focused on understanding the behaviors of the individuals with dementia, how caregivers coped with these behav-iors, and difficulties experienced by caregivers. After 2 weeks, during the second home visit for caregivers in the experimental group, the PLST-based intervention was pro-vided and demonstrated. At the third home visit 2 months later, the care plan was reviewed, more techniques were taught, and writ-ten materials summarizing the care plan were provided. After the third home visit, follow-up telephone calls were made every 2 weeks. Ex-perimental group members also re-ceived a caregiver booklet prepared by the authors that contained a variety of educational and support materials, such as general informa-tion about the disease, common problems (e.g., sleep disturbances), how to administer medications, bathing, toileting, physical activi-ties, nutrition, and communication, as well as recommended reading for family members caring for individ-uals with dementia.""",NA,"Non-pharmacological intervention",NA,NA,NA,NA,NA,NA,NA,NA,NA,NA,NA,NA,NA,NA,NA,NA,NA,NA,NA,NA,NA,NA,NA,NA,NA,NA,NA,"34.71","35","18.82","38.02","35","21.49",NA,NA,NA,NA,NA,NA,NA,NA,NA,NA,NA,NA,NA,NA,NA,NA,NA,NA,NA,NA,NA,NA,NA,NA,NA,NA,NA,NA,NA,NA,NA,NA,NA,NA,NA,NA,NA,NA,"88.51","35","8.28","86","35","9.15",NA,NA,NA,NA,NA,NA,NA,NA,NA,NA,NA,NA,NA,NA,NA,NA,NA,NA,NA,NA,NA,NA,NA,NA,NA,NA,NA,NA,NA,NA,NA,NA,NA,NA,NA,NA,NA,NA,NA,NA,NA,NA,NA,NA,NA,NA,NA,NA,NA,NA,NA,NA,NA,NA,NA,NA,NA,NA,NA,NA,NA,NA,NA,NA,NA,NA,NA,NA,NA,NA,NA,NA,NA,NA,NA,NA,NA,NA,NA,NA,NA,NA,NA,NA,NA,NA,NA,NA,NA,NA,NA,NA,NA,NA,NA,NA,NA,NA,NA,NA,NA,NA,NA,NA,NA,NA,NA,NA,NA,NA,NA,NA,NA,NA,NA,NA,NA,NA,NA,NA,NA,NA,NA,NA,NA,NA,NA,NA,NA,NA,NA,NA,NA,NA,NA,NA
"Söylemez 2016",2016,"Routine care (control)","No intervention","No intervention","Turkey","Western Turkey, home based. Patient lists were obtained from dementia outpatient clinics at one university hospital and the office of the Alzheimer’s Association in Izmir.","Alzheimer's Disease","Dementia","Mild","Yes",NA,NA,NA,NA,NA,NA,NA,NA,NA,"some concerns","some concerns","some concerns","high risk","some concerns","high risk","Primary school: 49%; High school: 34%; University: 17%","54","62.28","71",NA,NA,"0","100","Routine care","""Comparison group members received routine care. In the routine care program, following diagnosis, caregivers were informed about the disease by physicians and given leaflets. When caregivers came to the outpatient visit with the pa-tients, they had an opportunity to ask physicians questions. Fre-quency of outpatient visits varied between every 6 months and once per year. Participants in the com-parison group were seen four times in a 6-month period at their home. Each session lasted approximately 1 hour. The first home visit fo-cused on a review of the study aims and protocols, obtaining informed consent, and data collection. After 2 weeks, during the second home visit for caregivers in the compari-son group, general information about care of individuals with de-mentia was presented and updated leaflets were provided. At the third home visit 2 months later, data were collected. At the last home visit 3 months later, data were again collected. After the study was completed, participants in the comparison group were provided with the experimental group pro-tocols.""",NA,"N/A",NA,NA,NA,NA,NA,NA,NA,NA,NA,NA,NA,NA,NA,NA,NA,NA,NA,NA,NA,NA,NA,NA,NA,NA,NA,NA,NA,"35.66","35","17.07","31.19","35","16.54",NA,NA,NA,NA,NA,NA,NA,NA,NA,NA,NA,NA,NA,NA,NA,NA,NA,NA,NA,NA,NA,NA,NA,NA,NA,NA,NA,NA,NA,NA,NA,NA,NA,NA,NA,NA,NA,NA,"85.23","35","5.68","87.2","35","5.69",NA,NA,NA,NA,NA,NA,NA,NA,NA,NA,NA,NA,NA,NA,NA,NA,NA,NA,NA,NA,NA,NA,NA,NA,NA,NA,NA,NA,NA,NA,NA,NA,NA,NA,NA,NA,NA,NA,NA,NA,NA,NA,NA,NA,NA,NA,NA,NA,NA,NA,NA,NA,NA,NA,NA,NA,NA,NA,NA,NA,NA,NA,NA,NA,NA,NA,NA,NA,NA,NA,NA,NA,NA,NA,NA,NA,NA,NA,NA,NA,NA,NA,NA,NA,NA,NA,NA,NA,NA,NA,NA,NA,NA,NA,NA,NA,NA,NA,NA,NA,NA,NA,NA,NA,NA,NA,NA,NA,NA,NA,NA,NA,NA,NA,NA,NA,NA,NA,NA,NA,NA,NA,NA,NA,NA,NA,NA,NA,NA,NA,NA,NA,NA,NA,NA,NA
"Shata 2017",2017,"Control (No intervention)","No intervention","No intervention","Egypt","Psychogeriatric out‑patient clinic of Al‑Maamoura Psychiatric Hospital. Alexandria (urban setting)","Dementia (general/unspecified)","Dementia","Not specified","Yes",NA,NA,NA,NA,NA,NA,NA,NA,NA,"low risk","high risk","high risk","high risk","some concerns","high risk",NA,NA,"47.97","69.5",NA,NA,NA,"100","No intervention","No intervention",NA,"N/A",NA,NA,NA,NA,NA,NA,NA,NA,NA,NA,NA,NA,NA,NA,NA,NA,NA,NA,NA,NA,NA,NA,NA,NA,NA,NA,NA,NA,NA,NA,NA,NA,NA,NA,NA,NA,NA,NA,NA,NA,NA,NA,NA,NA,NA,NA,NA,NA,NA,NA,NA,NA,NA,NA,NA,NA,NA,NA,NA,NA,NA,NA,NA,NA,NA,NA,NA,NA,NA,NA,NA,NA,NA,NA,NA,NA,NA,NA,NA,NA,NA,NA,NA,NA,NA,NA,NA,NA,NA,NA,NA,NA,NA,NA,NA,NA,NA,NA,NA,NA,NA,NA,NA,NA,NA,NA,NA,NA,NA,NA,NA,NA,NA,NA,NA,NA,NA,NA,NA,NA,NA,NA,NA,NA,NA,NA,NA,NA,NA,NA,NA,NA,NA,NA,NA,NA,NA,NA,NA,NA,NA,NA,NA,NA,NA,NA,NA,NA,NA,NA,NA,NA,NA,NA,NA,NA,NA,NA,NA,NA,NA,NA,NA,NA,NA,NA,NA,NA,NA,NA,NA,NA,NA,NA,NA,NA,NA,NA,NA,NA,NA,NA,NA,NA,NA,NA,"50.0","59","12.6","0.74","59","0.84","0.15","59","0.40",NA,NA,NA,NA,NA,NA,NA,NA,NA,NA,NA,NA,NA,NA,NA,NA,NA,NA
"Shata 2017",2017,"Group psychosocial intervention programme","Support for carers","Group support and therapy","Egypt","Psychogeriatric out‑patient clinic of Al‑Maamoura Psychiatric Hospital. Alexandria (urban setting)","Dementia (general/unspecified)","Dementia","Not specified","Yes",NA,NA,NA,NA,NA,NA,NA,NA,NA,"low risk","high risk","high risk","high risk","some concerns","high risk",NA,NA,"49.35","61.8",NA,NA,NA,"100","8 week multi-component group psychosocial programme","8 week multi-component group psychosocial programme. ""Short‑term goalsincluded (1) improving caregivers’ knowledge aboutdementia, (2) helping caregivers to identify differentproblematic behaviors of care recipients and differentstrategies to handle such behaviors, and (3) providingsocial support for caregivers. Long‑term goals incorporated(1) acquiring the skills of handling problematic behaviors ofcare recipients, (2) enhancing caregivers’ skills and strategiesfor managing the burden of care, and (3) improvingcaregivers’ emotional status through acquiring skills ofcoping and stress management.  The program included three components: grouppsychoeducation (two sessions), brief group CBT(six sessions), and group support sessions that wereheld throughout the program covering topics similar topsychoeducation/CBT topics as illustrated in Table 1. Eachsession took 45–60 min. Training was conducted througha collaborative approach using illustrations, vignettes, roleplaying, brainstorming, group discussion, and audio‑visualaids. Different methods were used to achieve differentobjectives of the program. An intervention protocol withall details covering the above‑mentioned sessions wasprepared based on caregivers’ needs reported by them inthe early assessment phase, and on reviewing literaturefor other programs directed to caregivers’ of people withNCDs, worldwide. Culturally sensitive sessions weredesigned taking into consideration the characteristics ofparticipants. The program was implemented by the principalinvestigator (second author).""",NA,"Intervention for carers",NA,NA,NA,NA,NA,NA,NA,NA,NA,NA,NA,NA,NA,NA,NA,NA,NA,NA,NA,NA,NA,NA,NA,NA,NA,NA,NA,NA,NA,NA,NA,NA,NA,NA,NA,NA,NA,NA,NA,NA,NA,NA,NA,NA,NA,NA,NA,NA,NA,NA,NA,NA,NA,NA,NA,NA,NA,NA,NA,NA,NA,NA,NA,NA,NA,NA,NA,NA,NA,NA,NA,NA,NA,NA,NA,NA,NA,NA,NA,NA,NA,NA,NA,NA,NA,NA,NA,NA,NA,NA,NA,NA,NA,NA,NA,NA,NA,NA,NA,NA,NA,NA,NA,NA,NA,NA,NA,NA,NA,NA,NA,NA,NA,NA,NA,NA,NA,NA,NA,NA,NA,NA,NA,NA,NA,NA,NA,NA,NA,NA,NA,NA,NA,NA,NA,NA,NA,NA,NA,NA,NA,NA,NA,NA,NA,NA,NA,NA,NA,NA,NA,NA,NA,NA,NA,NA,NA,NA,NA,NA,NA,NA,NA,NA,NA,NA,NA,NA,NA,NA,NA,NA,NA,NA,NA,NA,NA,NA,NA,NA,NA,NA,NA,NA,NA,NA,"52.1","55","15.1","-17.40","55","8.38","-17.36","55","8.34",NA,NA,NA,NA,NA,NA,NA,NA,NA,NA,NA,NA,NA,NA,NA,NA,NA,NA
"Lök 2017",2017,"""First You Should Get Stronger"" caregiving programme","Support for carers","Information, education, and training to support carers","Turkey","Erenköy - a rural village (population circa 1500) in Turkey. Intervention delivered at carers homes","Dementia (general/unspecified)","Dementia","Not specified","Yes",NA,NA,NA,NA,NA,NA,NA,NA,NA,"some concerns","high risk","high risk","high risk","some concerns","high risk",NA,"45.0","52.97","70.0",NA,NA,"100",NA,"7 session home delivered bespoke caregiver information programme focused on for strengthening the caregiver, decreasing the caregiving burden and developing healthy life style behaviours","""Visits were carried
out by the researcher once every week with each session lasting
45 min. [...] The content of the program was designed in accordance with
the relevant literature before the study was implemented entia
(Alves, Teixeira, Azevedo, Duarte, & Paúl, 2015; Arango-Lasprilla
et al., 2014; Ducharme et al., 2015; Hou et al., 2013; Pinquar and
Sörensen, 2006). We sought expert opinions from four faculty
members in the psychiatric nursing department (1), public health
nursing department (2), internal medical nursing department(1)
who were specialized in working with the families of patients with
dementia. Final revisions were made in the program in accordance
with the opinions of experts. The program consists of seven
sessions for strengthening the caregiver, decreasing the caregiving
burden and developing healthy life style behaviors (Table 1). [...] Session 1 Introduction, learning about dementia and the
individual for whom care is given
Session 2 Communication with individuals with dementia
(caregiving without being derogatory)
Session 3 Defining the difficulties experienced by the
individual with dementia
Session 4 Carrying out the systematics of daily works
Session 5 Determining social support systems
Session 6 Carrying out activities for enhancing and developing
the health of the caregiver
Session 7 General evaluation and closure""",NA,"Intervention for carers",NA,NA,NA,NA,NA,NA,NA,NA,NA,NA,NA,NA,NA,NA,NA,NA,NA,NA,NA,NA,NA,NA,NA,NA,NA,NA,NA,NA,NA,NA,NA,NA,NA,NA,NA,NA,NA,NA,NA,"67.10","20","7.18","78.3","20","4.46",NA,NA,NA,NA,NA,NA,NA,NA,NA,NA,NA,NA,NA,NA,NA,NA,NA,NA,NA,NA,NA,NA,NA,NA,NA,NA,NA,NA,NA,NA,NA,NA,NA,NA,NA,NA,NA,NA,NA,NA,NA,NA,NA,NA,NA,NA,NA,NA,NA,NA,NA,NA,NA,NA,NA,NA,NA,NA,NA,NA,NA,NA,NA,NA,NA,NA,NA,NA,NA,NA,NA,NA,NA,NA,NA,NA,NA,NA,NA,NA,NA,NA,NA,NA,NA,NA,NA,NA,NA,NA,NA,NA,NA,NA,NA,NA,NA,NA,NA,NA,NA,NA,NA,NA,NA,NA,NA,NA,NA,NA,NA,NA,NA,NA,NA,NA,NA,NA,NA,NA,NA,NA,NA,NA,NA,NA,NA,NA,NA,NA,NA,NA,NA,NA,NA,NA,NA,NA,NA,NA,NA,NA,NA,NA,NA,NA,NA,NA,NA,NA,NA,NA,NA,NA,NA,NA,NA,NA,NA,NA,NA,NA,NA,NA,NA,NA,NA,NA
"Lök 2017",2017,"Control","No intervention","No intervention","Turkey","Erenköy - a rural village (population circa 1500) in Turkey. Intervention delivered at carers homes","Dementia (general/unspecified)","Dementia","Not specified","Yes",NA,NA,NA,NA,NA,NA,NA,NA,NA,"some concerns","high risk","high risk","high risk","some concerns","high risk",NA,"35.0","51.76","65.0",NA,NA,"100",NA,"Control","Appears to be no intervention",NA,"Appears to be no intervention",NA,NA,NA,NA,NA,NA,NA,NA,NA,NA,NA,NA,NA,NA,NA,NA,NA,NA,NA,NA,NA,NA,NA,NA,NA,NA,NA,NA,NA,NA,NA,NA,NA,NA,NA,NA,NA,NA,NA,"79.30","20","3.79","78.45","20","3.26",NA,NA,NA,NA,NA,NA,NA,NA,NA,NA,NA,NA,NA,NA,NA,NA,NA,NA,NA,NA,NA,NA,NA,NA,NA,NA,NA,NA,NA,NA,NA,NA,NA,NA,NA,NA,NA,NA,NA,NA,NA,NA,NA,NA,NA,NA,NA,NA,NA,NA,NA,NA,NA,NA,NA,NA,NA,NA,NA,NA,NA,NA,NA,NA,NA,NA,NA,NA,NA,NA,NA,NA,NA,NA,NA,NA,NA,NA,NA,NA,NA,NA,NA,NA,NA,NA,NA,NA,NA,NA,NA,NA,NA,NA,NA,NA,NA,NA,NA,NA,NA,NA,NA,NA,NA,NA,NA,NA,NA,NA,NA,NA,NA,NA,NA,NA,NA,NA,NA,NA,NA,NA,NA,NA,NA,NA,NA,NA,NA,NA,NA,NA,NA,NA,NA,NA,NA,NA,NA,NA,NA,NA,NA,NA,NA,NA,NA,NA,NA,NA,NA,NA,NA,NA,NA,NA,NA,NA,NA,NA,NA,NA,NA,NA,NA,NA,NA,NA
"deOliveira 2018",2018,"Control","No intervention","No intervention","Brazil","Patients and their caregivers were recruited from community medical centers through media advertising in São Paulo (Brazil)","Dementia (general/unspecified)","Dementia","Any severity stage","Yes",NA,NA,NA,NA,NA,NA,NA,NA,NA,"some concerns","some concerns","low risk","low risk","some concerns","some concerns","Up to 8 years: 80%; more than 8 years: 20%","50","60.7","90.0",NA,16.9,NA,NA,"Care as usual","Regular care and  psychoeducation group sessions, which lead by trained occupational therapists over eight sessions in the outpatient clinic. Similarly to the TAP‐O group, in the first session, printed material was provided to the caregiver with information about dementia, activities, and communication. The content of subsequent sessions was based on caregiver concerns and included education and sharing of personal experiences.",NA,"NA",NA,NA,NA,NA,NA,NA,NA,NA,NA,NA,NA,NA,NA,NA,NA,NA,NA,NA,NA,NA,NA,NA,NA,NA,NA,NA,NA,NA,NA,NA,NA,NA,NA,NA,NA,NA,NA,NA,NA,NA,NA,NA,NA,NA,NA,NA,NA,NA,NA,NA,NA,NA,NA,NA,NA,NA,NA,NA,NA,NA,NA,NA,NA,NA,NA,NA,NA,NA,NA,NA,NA,NA,NA,NA,NA,NA,NA,NA,NA,NA,NA,NA,NA,NA,NA,"12.55","21.90","12.00","20.40",NA,NA,NA,NA,NA,NA,NA,NA,NA,NA,NA,NA,NA,NA,NA,NA,NA,NA,NA,NA,NA,NA,NA,NA,NA,NA,NA,NA,NA,NA,NA,NA,NA,NA,NA,NA,NA,NA,NA,NA,NA,NA,NA,NA,NA,NA,NA,NA,NA,NA,NA,NA,NA,NA,NA,NA,NA,NA,NA,NA,NA,NA,NA,NA,NA,NA,NA,NA,NA,NA,NA,NA,NA,NA,NA,NA,NA,NA,NA,NA,NA,NA,NA,NA,NA,NA,NA,NA,NA,NA,NA,NA,NA,NA,NA,NA,NA,NA,NA,NA,NA,NA,NA,NA,NA,NA,NA,NA,NA,NA,NA,NA,NA,NA,NA,NA,NA,NA,NA,NA,NA,NA,NA,NA
"deOliveira 2018",2018,"Tailored activity program–outpatient version","Structured therapeutic psychosocial interventions","Occupational therapy","Brazil","Patients and their caregivers were recruited from community medical centers through media advertising in São Paulo (Brazil)","Dementia (general/unspecified)","Dementia","Any severity stage","Yes",NA,NA,NA,NA,NA,NA,NA,NA,NA,"some concerns","some concerns","low risk","low risk","some concerns","some concerns","Up to 8 years: 45.5%; more than 8 years: 54.5%","90","56.8","63.6",NA,13.82,NA,NA,"Tailored activity program (TAP) - Outpatient version. 8 x 1 hour sessions with occupational therapist.","TAP‐O involves three phases: (1) assessment of patients to identify cognitive and functional capacities (attention, ability to follow instructions, problem solving, and ability to learn) and characterize their previous abilities, interests, and roles; in addition, caregivers
receive education about dementia symptoms and how to manage NPS and learn stress reduction techniques; (2) implementation of three activity prescriptions, which provide strategies to simplify communication and adapt activities based on the patient's cognitive and functional
profile that promote engagement; caregivers are instructed in how to use the activities at home; (3) generalization of techniques (eg, cueing and other communication strategies) to daily activities, such as self‐care, and methods for simplifying activities as the disease progresses. For this study, three Brazilian occupational therapists received
30 hours of training in the TAP protocol (provided by Laura N. Gitlin, PhD, and her team at Johns Hopkins University, United States).",NA,"Non-pharmacological intervention",NA,NA,NA,NA,NA,NA,NA,NA,NA,NA,NA,NA,NA,NA,NA,NA,NA,NA,NA,NA,NA,NA,NA,NA,NA,NA,NA,NA,NA,NA,NA,NA,NA,NA,NA,NA,NA,NA,NA,NA,NA,NA,NA,NA,NA,NA,NA,NA,NA,NA,NA,NA,NA,NA,NA,NA,NA,NA,NA,NA,NA,NA,NA,NA,NA,NA,NA,NA,NA,NA,NA,NA,NA,NA,NA,NA,NA,NA,NA,NA,NA,NA,NA,NA,NA,"12.03","22.73","16.76","32.45",NA,NA,NA,NA,NA,NA,NA,NA,NA,NA,NA,NA,NA,NA,NA,NA,NA,NA,NA,NA,NA,NA,NA,NA,NA,NA,NA,NA,NA,NA,NA,NA,NA,NA,NA,NA,NA,NA,"there were statistically significant differencesbetween the two groups in the presence of agitation (P= 0.03), hallu-cinations (P= 0.04), anxiety (P= 0.02), aggression (P= 0.01), sleep dis-order (P= 0.02), and aberrant motor behavior (P= 0.02), favoringthose who received the intervention.",NA,NA,NA,NA,NA,NA,NA,NA,NA,NA,NA,NA,NA,NA,NA,NA,NA,NA,NA,NA,NA,NA,NA,NA,NA,NA,NA,NA,NA,NA,NA,NA,NA,NA,NA,NA,NA,NA,NA,NA,NA,NA,NA,NA,NA,NA,NA,NA,NA,NA,NA,NA,NA,NA,NA,NA,NA,NA,NA,NA,NA,NA,NA,NA,NA,NA,NA,NA,NA,NA,NA,NA,NA,NA,NA,NA,NA,NA,NA,NA,NA,NA,NA,NA,NA
"Novelli 2018",2018,"Control","No intervention","No intervention","Brazil","The study was conducted in the homes of the participating dyads of persons with dementia and caregivers, in a large city in Brazil (Santos)","Dementia (general/unspecified)","Dementia","Not specified","Yes",NA,NA,NA,NA,NA,NA,NA,NA,NA,"some concerns","some concerns","low risk","high risk","some concerns","high risk","8.56 years","53.33","68.16","73.33",NA,23.82,"0","100","Waiting list for 4 months",NA,NA,"N/A",NA,NA,NA,NA,NA,NA,NA,NA,NA,NA,NA,NA,NA,NA,NA,NA,NA,NA,NA,NA,NA,"32.47","15","11.55","35.33","15","13.55",NA,NA,NA,NA,NA,NA,NA,NA,NA,NA,NA,NA,NA,NA,NA,NA,NA,NA,NA,NA,NA,NA,NA,NA,NA,NA,NA,NA,NA,NA,NA,NA,NA,NA,NA,NA,NA,NA,"36.53","15","3.64","35.73","15","4.08",NA,NA,NA,NA,NA,NA,NA,NA,NA,NA,NA,NA,NA,NA,NA,NA,NA,NA,NA,NA,NA,NA,NA,NA,NA,NA,NA,NA,NA,NA,NA,NA,NA,NA,NA,NA,NA,NA,NA,NA,NA,NA,NA,NA,NA,NA,NA,NA,NA,NA,NA,NA,NA,NA,NA,NA,NA,NA,NA,NA,NA,NA,NA,NA,NA,NA,NA,NA,NA,NA,NA,NA,NA,NA,NA,NA,NA,NA,NA,NA,NA,NA,NA,NA,NA,NA,NA,NA,NA,NA,NA,NA,NA,NA,NA,NA,NA,NA,NA,NA,NA,NA,NA,NA,NA,NA,NA,NA,NA,NA,NA,NA,NA,NA,NA,NA,NA,NA,NA,NA,NA,NA,NA,NA,NA,NA,NA,NA,NA,NA,NA,NA,NA,NA,NA,NA,NA,NA,NA,NA,NA,NA
"Novelli 2018",2018,"Tailored Activity Program - Brazilian Version (TAP-BR)","Structured therapeutic psychosocial interventions","Occupational therapy","Brazil","The study was conducted in the homes of the participating dyads of persons with dementia and caregivers, in a large city in Brazil (Santos)","Dementia (general/unspecified)","Dementia","Not specified","Yes",NA,NA,NA,NA,NA,NA,NA,NA,NA,"some concerns","some concerns","low risk","high risk","some concerns","high risk","11.40 years","46.66","64.33","93.33",NA,19,"0","100","Tailored Activity Program - Brazilian Version (TAP-BR) for 4 months, including 8 sessions with an occupational therapist","""The TAP-BR focuses on matching activities to the cognitive and functional capabilities, previous roles, habits, and interests of the person with dementia, as well as training family caregivers in their use as part of daily care. True to the original intervention, TAP-BR involved 8 sessions delivered by occupational therapists over 4 months in the home.The  program  has  been  described  in  more  detail elsewhere. Briefly, it is composed of 3 treatment phases. In phase 1 (assessment), the interventionist used a set of assessments to identify preserved capabilities (cognitive, physical and social skills, work performance,and mood), previous interests,frequency, and intensity of BPSD in the person with dementia,as well as communication techniques and daily care routines of the caregiver and the characteristics of home environment. As to the latter, lighting, access, seating, and other factors were considered in the locations of the home in which the chosen activities were to be performed. In phase 2 (implementation), interventionists applied the assessment data obtained in phase 1, worked with the care-givers and, if possible, the person with dementia, to identify and implement 3 potential activities of interest to be implemented therapeutically. Interventionists then tailored the chosen activities to match the capabilities of the person with dementia. For example, a person with dementia who is at fall risk, would be provided a seated activity; a person with moderate dementia who can recognize colors and shapes, but not sequencing, might be provided a sorting activity. Caregivers are provided with training about how to set up the activity and environment, 
 how to give instructions and offer cues, and how to lower their standard of performance (relax the rules). Emphasis is placed on communication and simplification techniques to ensure a supportive environment for the person with dementia and for the conduct of the activity. Each activity is demonstrated directly to the person with dementia, and contacts are spaced to provide families the opportunity to practice and use the activities independently. In phase 3 (generalization), interventionists continue to provide caregiver training and support by working with the caregiver, to learn how to simplify the activity in preparation for future declines, and how to generalize the strategies learned (eg, communication and task simplification) to other care challenges.""",NA,"Non-pharmacological intervention; intervention for carers",NA,NA,NA,NA,NA,NA,NA,NA,NA,NA,NA,NA,NA,NA,NA,NA,NA,NA,NA,NA,NA,"30.33","15","11.44","30.40","15","15.39",NA,NA,NA,NA,NA,NA,NA,NA,NA,NA,NA,NA,NA,NA,NA,NA,NA,NA,NA,NA,NA,NA,NA,NA,NA,NA,NA,NA,NA,NA,NA,NA,NA,NA,NA,NA,NA,NA,"38.67","15","5.64","41.47","15","4.07",NA,NA,NA,NA,NA,NA,NA,NA,NA,NA,NA,NA,NA,NA,NA,NA,NA,NA,NA,NA,NA,NA,NA,NA,NA,NA,NA,NA,NA,NA,NA,NA,NA,NA,NA,NA,NA,NA,NA,NA,NA,NA,NA,NA,NA,NA,NA,NA,NA,NA,NA,NA,NA,NA,NA,NA,NA,NA,NA,NA,NA,NA,NA,NA,NA,NA,NA,NA,NA,NA,NA,NA,NA,NA,NA,NA,NA,NA,NA,NA,NA,NA,NA,NA,NA,NA,NA,NA,NA,NA,NA,NA,NA,NA,NA,NA,NA,NA,NA,NA,NA,NA,NA,NA,NA,NA,NA,NA,NA,NA,NA,NA,NA,NA,NA,NA,NA,NA,NA,NA,NA,NA,NA,NA,NA,NA,NA,NA,NA,NA,NA,NA,NA,NA,NA,NA,NA,NA,NA,NA,NA,NA
"Morales-Delgado 2018",2018,"Melatonin","Pharmaceutical","Non-established drugs","Mexico","Patients were recruited as outpatients from the Geriatrics Clinic of our institution","Dementia (general/unspecified)","Dementia","Mild to moderate","This study look at people living with mild and moderate dementia. Though it assesses caregiver burden through ZBI.","MMSE","Raw","18","16","1.7320508075688772","17","16","2.3094010767585029","8","low risk","high risk","high risk","low risk","some concerns","high risk",NA,"75",NA,NA,NA,NA,NA,NA,"5 mg of melatonin every night for 8 weeks.","""all patients underwent randomization to treatment with melatonin (5 mg orally) for 8 weeks. study medication was administered orally, one tablet/day, 1–2 h before bedtime, preferably at 9 pm, after dinner. The drug was given as a direct observed therapy by a caregiver, and a patient journal was kept for assessing adherence. Adherence less than 90% of doses was considered criteria for exclusion at the end of the study",NA,"Pharmaceutical",NA,NA,NA,NA,NA,NA,NA,NA,NA,NA,NA,NA,NA,NA,NA,NA,NA,NA,NA,NA,NA,NA,NA,NA,NA,NA,NA,NA,NA,NA,NA,NA,NA,NA,NA,NA,NA,NA,NA,NA,NA,NA,NA,NA,NA,NA,NA,NA,NA,NA,NA,NA,NA,NA,NA,NA,NA,NA,NA,NA,NA,NA,NA,NA,NA,NA,NA,NA,NA,NA,NA,NA,NA,NA,NA,NA,NA,NA,NA,NA,NA,NA,NA,NA,NA,NA,NA,NA,NA,NA,NA,NA,NA,NA,NA,NA,NA,"5.7","16","3.8","4.9","16","3.6","5.5","16","1","5","16","1","3.0","16","1.8","2.5","16","2.3","7","16","18","9","16","17","11","16","2","11","16","3",NA,"28","16","28","3.5","16","20",NA,NA,NA,NA,NA,NA,NA,NA,NA,NA,NA,NA,NA,NA,NA,NA,NA,NA,NA,NA,NA,NA,"13.1","16","3","6.7","16","4.2",NA,NA,NA,NA,NA,NA,NA,NA,NA,NA,NA,NA,NA,NA,NA,NA,NA,NA,NA,NA,NA,NA,NA,NA,NA,NA,NA,NA,NA,NA,NA,NA,NA,NA,NA,NA,NA,NA,NA,"37.2","16","18.5",NA,NA,NA,NA,NA,NA,"25.9","16","18.8"
"Morales-Delgado 2018",2018,"Placebo","No intervention","No intervention","Mexico","Patients were recruited as outpatients from the Geriatrics Clinic of our institution","Dementia (general/unspecified)","Dementia","Mild to moderate","This study look at people living with mild and moderate dementia. Though it assesses caregiver burden through ZBI.","MMSE","Raw","17.75","15","2.8903575326707709","17","15","2.3094010767585029","8","low risk","high risk","high risk","low risk","some concerns","high risk",NA,"80",NA,NA,NA,NA,NA,NA,"5 mg of placebo every night for 8 weeks","""all patients underwent randomization to treatment with placebo for 8 weeks. To prevent bias, matching placebo tablets, which were identical in appearance, taste, and odor, were used",NA,"N/A",NA,NA,NA,NA,NA,NA,NA,NA,NA,NA,NA,NA,NA,NA,NA,NA,NA,NA,NA,NA,NA,NA,NA,NA,NA,NA,NA,NA,NA,NA,NA,NA,NA,NA,NA,NA,NA,NA,NA,NA,NA,NA,NA,NA,NA,NA,NA,NA,NA,NA,NA,NA,NA,NA,NA,NA,NA,NA,NA,NA,NA,NA,NA,NA,NA,NA,NA,NA,NA,NA,NA,NA,NA,NA,NA,NA,NA,NA,NA,NA,NA,NA,NA,NA,NA,NA,NA,NA,NA,NA,NA,NA,NA,NA,NA,NA,NA,"5.0","15","2.8","4.0","15","1.7","6.0","15","2","5.5","15","3","2.8","15","1.9","2.7","15","1.8","10","15","18","9","15","17","11","15","4","11","15","3",NA,"14","15","30","8","15","18",NA,NA,NA,NA,NA,NA,NA,NA,NA,NA,NA,NA,NA,NA,NA,NA,NA,NA,NA,NA,NA,NA,"13.7","15","2.7","6.4","15","5.1",NA,NA,NA,NA,NA,NA,NA,NA,NA,NA,NA,NA,NA,NA,NA,NA,NA,NA,NA,NA,NA,NA,NA,NA,NA,NA,NA,NA,NA,NA,NA,NA,NA,NA,NA,NA,NA,NA,NA,"31.5","15","16.4",NA,NA,NA,NA,NA,NA,"32.1","15","19.8"
"GokUgur 2018",2018,"Control group","No intervention","No intervention","Turkey","in-home care services of the General Secretariat of Public Hospitals Association (Ordu)","Alzheimer's Disease","Dementia","Any severity stage","Yes",NA,NA,NA,NA,NA,NA,NA,NA,NA,"some concerns","high risk","high risk","high risk","some concerns","high risk","66.7% Illiterate; 0% University","80.0","54.60","86.7",NA,NA,NA,NA,"Control",""" MT was not provided to control group patients in the study. However, classical Turkish music on CD was also provided to patients in the control group after the post-test.""",NA,"N/A",NA,NA,NA,NA,NA,NA,"59.37","30","14.02","55.77","30","15.5",NA,NA,NA,NA,NA,NA,NA,NA,NA,NA,NA,NA,NA,NA,NA,NA,NA,NA,NA,NA,NA,NA,NA,NA,NA,NA,NA,NA,NA,NA,NA,NA,NA,NA,NA,NA,NA,NA,NA,NA,NA,NA,NA,NA,NA,NA,NA,NA,NA,NA,NA,NA,NA,NA,NA,NA,NA,NA,NA,NA,NA,NA,NA,NA,NA,NA,NA,NA,NA,NA,NA,NA,NA,NA,NA,NA,NA,NA,NA,NA,NA,NA,NA,NA,NA,NA,NA,NA,NA,NA,NA,NA,NA,NA,NA,NA,NA,NA,NA,NA,NA,NA,NA,NA,NA,NA,NA,NA,NA,NA,NA,NA,NA,NA,NA,NA,NA,NA,NA,NA,NA,NA,NA,NA,NA,NA,"76.67","30","7.58","76.33","30","7.65","78.47","30","11.35","77.73","30","11.97","124.33","30","10.73","122.67","30","12.30",NA,NA,NA,NA,NA,NA,"21.73","30","3.67","21.67","30","6.26",NA,NA,NA,NA,NA,NA,NA,NA,NA,NA,NA,NA,NA,NA,NA,NA,NA,NA,NA,NA,NA,NA,NA,NA,NA,NA,NA,NA,NA,NA,NA,NA,NA,NA,NA,NA,NA,NA,NA,NA,NA,NA,NA,NA,NA
"GokUgur 2018",2018,"Music group","Music interventions","Music interventions","Turkey","in-home care services of the General Secretariat of Public Hospitals Association (Ordu)","Alzheimer's Disease","Dementia","Any severity stage","Yes",NA,NA,NA,NA,NA,NA,NA,NA,NA,"some concerns","high risk","high risk","high risk","some concerns","high risk","66.7% Illiterate; 3.3% University","76.7","50.43","93.3",NA,NA,NA,NA,"Classical Turkish music therapy, 3x30 min per week for 12 weeks. Administered by caregiver in the home of the person with dementia.","""Patients received 3 sessions of MT per week (Monday, Wednesday, Friday; 30 min each) in the mornings for 12 weeks ( fig. 1 ). In the literature, it has been reported that 30 min of MT has positive effects on both psychological and phys-iological parameters in patients  [38–40] . Therefore, we decided to provide MT to dementia patients for 30 min. It has been shown that at least 3 months of MT is effective in mental illnesses  [41] . Therefore, patients received MT for 12 weeks. The patients listened to instrumental classical Turkish music, includ-ing Rast, Buselik and Isfahan maqams. Classical Turkish music is a slow and relaxing type of instrumental music; it has the most recreative effect on both an individual’s psychological state (anxiety, social adaptation, behavioral prob-lems, etc.) and physiological parameters  [42–45] . Therefore, these music com-positions were selected. It has been reported that they have more positive effects when individuals listen to these maqams in the morning  [45, 46] . Therefore, MT was performed in the morning after the patients had woken up. Music players, flash drives that consisted of all songs and MT programs were provided to each of the patients in the music group. MT was brought to the dementia patients and led by a music therapist. The music therapist is a lecturer in the music department at the Faculty of Music and Performing Art. Primarily, the music therapist taught the caregivers how to use the music player and explained the MT program to them. The MT program was as follows: 30 min of MT in the morning 3 times per week (Monday, Wednesday, and Friday) for 12 weeks. MT was individually provided to each patient at home. A music player was placed in the patient’s room where she/he spent time at home. The caregivers did not lis-ten to these music compositions; only the patients listened to the MT programs in their own rooms. During the first session, the MT was implemented accom-panied by the music therapists, in order to show the caregivers how to use the music player. The second session was also attended by the music therapist and caregivers, and the music therapist observed the MT and supported the caregiv-ers. Furthermore, a contact phone number of the music therapist was given to the caregivers. The caregivers reached out to the music therapists via phone calls whenever they encountered problems related to using the music player. The caregivers’ adherence to the program was checked by the music therapist with home visits once a week and by calling the caregivers on each session day""",NA,"Non-pharmacological intervention",NA,NA,NA,NA,NA,NA,"43.27","30","13.83","52.83","30","15.82",NA,NA,NA,NA,NA,NA,NA,NA,NA,NA,NA,NA,NA,NA,NA,NA,NA,NA,NA,NA,NA,NA,NA,NA,NA,NA,NA,NA,NA,NA,NA,NA,NA,NA,NA,NA,NA,NA,NA,NA,NA,NA,NA,NA,NA,NA,NA,NA,NA,NA,NA,NA,NA,NA,NA,NA,NA,NA,NA,NA,NA,NA,NA,NA,NA,NA,NA,NA,NA,NA,NA,NA,NA,NA,NA,NA,NA,NA,NA,NA,NA,NA,NA,NA,NA,NA,NA,NA,NA,NA,NA,NA,NA,NA,NA,NA,NA,NA,NA,NA,NA,NA,NA,NA,NA,NA,NA,NA,NA,NA,NA,NA,NA,NA,NA,NA,NA,NA,NA,NA,NA,NA,NA,NA,NA,NA,"71.67","30","6.99","76.00","30","6.75","74.13","30","5.99","75.60","30","7.21","109.67","30","13.77","121.33","30","16.13",NA,NA,NA,NA,NA,NA,"20.80","30","3.47","22.47","30","6.49",NA,NA,NA,NA,NA,NA,NA,NA,NA,NA,NA,NA,NA,NA,NA,NA,NA,NA,NA,NA,NA,NA,NA,NA,NA,NA,NA,NA,NA,NA,NA,NA,NA,NA,NA,NA,NA,NA,NA,NA,NA,NA,NA,NA,NA
