peak_apex	peak_lower	peak_upper	PSMs	peak_signal	percent_also_in_unmodified	mapped_mass_1	mapped_mass_2	similarity	rt_shift	localized_PSMs	n-term_localization_rate	AA1	AA1_enrichment_score	AA1_psm_count	AA2	AA2_enrichment_score	AA2_psm_count	AA3	AA3_enrichment_score	AA3_psm_count	dataset01_PSMs	dataset01_percent_PSMs	dataset01_peptides	dataset01_percent_also_in_unmodified
-0.0002	-0.0095	0.0082	3770	34.03	100			0.988	0	93											3770	72.472	3392	100
52.9142	52.9042	52.9242	108	1.25	78.35	Replacement of 3 protons by iron		0.539	2	24											108	2.076	97	78.35
40.0306	40.0221	40.0406	131	1.15	67.48	Propionaldehyde +40		0.444	240	130	96.18	G	4.3	52	H	2.2	8	F	1.6	6	131	2.518	123	67.48
43.0062	43.0008	43.0162	53	0.42	86.96	Carbamylation		0.498	263.6	39	69.81	I	2.4	5	A	1.9	7				53	1.019	46	86.96
1.0012	0.9975	1.0112	88	0.41	13.64	First isotopic peak		0.756	26.7	41		L	1.7	6							88	1.692	88	13.64
18.0108	18.0008	18.0177	33	0.39	9.68	Proline oxidation to 5-hydroxy-2-aminovaleric acid		0.666	-0.7	1											33	0.634	31	9.68
37.9472	37.9372	37.9572	34	0.33	83.87	Replacement of proton by potassium		0.429	0.6	32	5.88										34	0.654	31	83.87
53.9176	53.9122	53.9276	23	0.28	72.73	Replacement of 2 protons by iron		0.558	1.2	10											23	0.442	22	72.73
17.0252	17.0244	17.0292	13	0.17	83.33	deuterated methyl ester		0.791	2.6	1											13	0.25	12	83.33
-17.026	-17.036	-17.0208	23	0.15	85.71	Pyro-glu from Q/Loss of ammonia		0.492	200.7	23	78.26										23	0.442	21	85.71
14.0144	14.0091	14.0244	16	0.11	7.14	Methylation		0.439	56.7	16	25										16	0.308	14	7.14
21.9828	21.9748	21.9864	51	0.1	87.23	Sodium adduct		0.499	2.4	48	7.84	N	2.6	6							51	0.98	47	87.23
-18.0116	-18.0216	-18.0016	15	0.1	71.43	Dehydration/Pyro-glu from E		0.586	-5.5	15	86.67										15	0.288	14	71.43
75.032	75.022	75.0385	13	0.09	0	Unannotated mass-shift 75.0320		NaN	NaN	3											13	0.25	12	0
79.9676	79.9576	79.971	15	0.09	15.38	Phosphorylation		0.411	-30.3	11	33.33	S	7.5	5							15	0.288	13	15.38
-1.0026	-1.0089	-0.998	10	0.08	0	Isotopic peak error		NaN	NaN	1											10	0.192	10	0
-0.0188	-0.0251	-0.0095	49	0.08	16.67	Unannotated mass-shift -0.0188		0.686	9.2	5											49	0.942	48	16.67
28.0316	28.0216	28.0343	11	0.08	0	di-Methylation/Acetaldehyde +28/Ethylation		NaN	NaN	11											11	0.211	11	0
36.919	36.909	36.923	11	0.07	88.89	Unannotated mass-shift 36.9190		0.463	152.2	1											11	0.211	9	88.89
0.0232	0.0199	0.0299	11	0.05	10	Unannotated mass-shift 0.0232		NaN	4.6	2											11	0.211	10	10
0.0166	0.0082	0.0199	81	0.05	17.28	Unannotated mass-shift 0.0232		0.958	-0.2	5											81	1.557	81	17.28
0.9828	0.9728	0.9883	22	0.03	70	Deamidation		0.718	67.6	18	13.64	N	12.7	11							22	0.423	20	70
41.0272	41.0179	41.0372	15	0.02	73.33	amidination of lysines or N-terminal amines with methyl acetimidate		0.368	-197	6	13.33										15	0.288	15	73.33